{
    "scores": [
        {
            "name": "noah",
            "score": 0
        },
        {
            "name": "noah",
            "score": 0
        },
        {
            "name": "noah",
            "score": 0
        },
        {
            "name": "noah",
            "score": 0
        },
        {
            "name": "noah",
            "score": 0
        },
        {
            "name": "noah",
            "score": 0
        },
        {
            "name": "noah",
            "score": 0
        },
        {
            "name": "noah",
            "score": 0
        },
        {
            "name": "noah",
            "score": 0
        },
        {
            "name": "noah",
            "score": 0
        }
    ]
}